{"Training Loss":2.695908933877945,"_step":0,"Validation Loss":2.510700538754463,"_runtime":56,"Training Accuracy":9.05511811023622,"Validation Accuracy":10.546875,"_wandb":{"runtime":56},"Epoch":0,"_timestamp":1.768135092516713e+09}