{"_wandb":{"runtime":522},"_runtime":522,"Training Accuracy":37.00787401574803,"_step":9,"Validation Loss":2.3776615113019943,"_timestamp":1.768135724280902e+09,"Training Loss":1.8953034598380327,"Epoch":9,"Validation Accuracy":22.65625}